{
  "project_info": {
    "project_number": "990087507427",
    "firebase_url": "https://chatroom-67cd8.firebaseio.com",
    "project_id": "chatroom-67cd8",
    "storage_bucket": "chatroom-67cd8.appspot.com"
  },
  "client": [
    {
      "client_info": {
        "mobilesdk_app_id": "1:990087507427:android:b5070afbbf4a5a27",
        "android_client_info": {
          "package_name": "com.example.chatroom"
        }
      },
      "oauth_client": [
        {
          "client_id": "990087507427-pp4jhj6cntmvlai911riakhs6972lstg.apps.googleusercontent.com",
          "client_type": 1,
          "android_info": {
            "package_name": "com.example.chatroom",
            "certificate_hash": "72a42a7fc3f19ee81c2eb83c0ff1040a6f546e97"
          }
        },
        {
          "client_id": "990087507427-e39geotttuqgmtojgni15i99dkcs0cor.apps.googleusercontent.com",
          "client_type": 3
        }
      ],
      "api_key": [
        {
          "current_key": "AIzaSyCqOM5eLh7fgxFrADHBFnZfuFElauXqAaU"
        }
      ],
      "services": {
        "appinvite_service": {
          "other_platform_oauth_client": [
            {
              "client_id": "990087507427-e39geotttuqgmtojgni15i99dkcs0cor.apps.googleusercontent.com",
              "client_type": 3
            }
          ]
        }
      }
    }
  ],
  "configuration_version": "1"
}